time,Cc,y
0,0,0
1,0.75,0.707131987
2,1.13,1.171021117
3,1.29,1.292678011
4,1.34,1.394738858
5,1.31,1.351028191
6,1.25,1.257052554
7,1.17,1.153318002
8,1.08,1.083452772
10,0.9,0.912125928
12,0.75,0.746363399
16,0.5,0.489718459
24,0.23,0.196404576